title,tokens,sentences,ttr,JJ,MD,JJR,JJS,VBD
steamreviews_all,2347888,102334,0.34,0.07260354838050197,0.015662161057086198,0.004972979971787411,0.003260802900308703,0.0197526457820816
