title,tokens,sentences,ttr,JJ,MD,JJR,JJS,VBD
tweets_before_english,5362,162,0.27366666666666667,0.05203282357329355,0.006713912719134651,0.0007459903021260724,0.0027974636329727715,0.0216337187616561
tweets_after__english,108089,6357,0.3616666666666667,0.06687081941733201,0.010324824912803338,0.0024146767941233614,0.0020353597498357833,0.03200140624855443
tweets_after_japanese,93280,668,0.38433333333333336,0.008190394511149229,0.0012971698113207546,0.00017152658662092623,0.00032161234991423673,0.012982418524871355
tweets_before_japanese,12714,64,0.18833333333333332,0.010854176498348278,0.0032247915683498505,0.0,7.865345288658172e-05,0.018404907975460124
